"Title","Media URL","Pinterest board","Thumbnail","Description","Link","Publish date","Keywords"
"React Native vs Flutter vs Native: What You Need to Know Before You Build","https://oryantechsol.com/pins/react-native-vs-flutter-vs-native-list.jpg","App, Web & AI Development Tips","","Quick outline of the full comparison: the three approaches, how they compare on cost, speed and performance, and when each one wins. Save this before you hire a mobile developer. #appdevelopment #flutter #reactnative","https://oryantechsol.com/blog/react-native-vs-flutter-vs-native?utm_source=pinterest&utm_medium=social&utm_campaign=variant-list","2026-10-10T14:00:00","react native vs flutter,native app development,cross platform apps,mobile app tips,app development guide"
"Choosing a Software Development Company: The Checklist at a Glance","https://oryantechsol.com/pins/how-to-choose-a-software-development-company-list.jpg","App, Web & AI Development Tips","","The 10 checks that separate good software partners from risky ones: experience, process, pricing, code ownership and red flags. Pin it for your next vendor call. #softwaredevelopment #hiringtips #businesstips","https://oryantechsol.com/blog/how-to-choose-a-software-development-company?utm_source=pinterest&utm_medium=social&utm_campaign=variant-list","2026-10-11T14:00:00","software development company,hire developers,vendor selection,outsourcing tips,startup advice"
"AI Agents for Business: What You Will Learn in This Guide","https://oryantechsol.com/pins/ai-agents-for-business-explained-list.jpg","App, Web & AI Development Tips","","A quick map of the guide: what an AI agent is, how it differs from a chatbot, real business use cases and how to start safely. Save for later. #aiagents #businessautomation #aiforbusiness","https://oryantechsol.com/blog/ai-agents-for-business-explained?utm_source=pinterest&utm_medium=social&utm_campaign=variant-list","2026-10-12T14:00:00","ai agents,ai agent vs chatbot,ai for small business,business automation,artificial intelligence"
"Mobile App Cost in 2026: The Topics Covered in This Guide","https://oryantechsol.com/pins/how-much-does-a-mobile-app-cost-list.jpg","App, Web & AI Development Tips","","What drives app development cost, where the money goes and how app type, platform and scope change your budget. Pin it for your app planning. #mobileappdevelopment #appcost #startupbudget","https://oryantechsol.com/blog/how-much-does-a-mobile-app-cost?utm_source=pinterest&utm_medium=social&utm_campaign=variant-list","2026-10-13T14:00:00","mobile app cost,app development cost,app budget,how much does an app cost,startup app"
"AI Chatbot vs Live Chat: What the Comparison Covers","https://oryantechsol.com/pins/ai-chatbot-vs-live-chat-for-small-business-list.jpg","App, Web & AI Development Tips","","Speed, cost, accuracy and customer experience compared, plus when a hybrid setup works best. A quick decision guide for small business owners. #chatbot #livechat #customersupport","https://oryantechsol.com/blog/ai-chatbot-vs-live-chat-for-small-business?utm_source=pinterest&utm_medium=social&utm_campaign=variant-list","2026-10-14T14:00:00","ai chatbot vs live chat,website chat,customer support,small business tools,chatbot for business"
"Custom Software vs Off-the-Shelf: The Decision Framework Outline","https://oryantechsol.com/pins/custom-software-vs-off-the-shelf-list.jpg","App, Web & AI Development Tips","","The factors to weigh before you build or buy: cost, fit, control and growth, with a practical framework to decide. Save for your next software decision. #customsoftware #buildorbuy #businesssoftware","https://oryantechsol.com/blog/custom-software-vs-off-the-shelf?utm_source=pinterest&utm_medium=social&utm_campaign=variant-list","2026-10-15T14:00:00","custom software,off the shelf software,build vs buy,software decision,business software"
"What Is API Integration? Topics Covered in This Guide","https://oryantechsol.com/pins/what-is-api-integration-list.jpg","App, Web & AI Development Tips","","API integration in plain English: how connections work, real business examples, the signs you need one and three ways to connect your systems. #apiintegration #businesstools #automation","https://oryantechsol.com/blog/what-is-api-integration?utm_source=pinterest&utm_medium=social&utm_campaign=variant-list","2026-10-16T14:00:00","api integration,what is an api,connect business apps,crm integration,system integration"
"Business Process Automation: A Step-by-Step Outline","https://oryantechsol.com/pins/business-process-automation-where-to-start-list.jpg","App, Web & AI Development Tips","","Where to start automating: pick the right workflow, estimate the payoff and avoid the common mistakes. Pin this checklist and save hours each week. #businessautomation #workflowautomation #productivity","https://oryantechsol.com/blog/business-process-automation-where-to-start?utm_source=pinterest&utm_medium=social&utm_campaign=variant-list","2026-10-17T14:00:00","business process automation,what to automate first,workflow automation,small business productivity,automation tips"
"Cross-Platform vs Native App: The 30-Second Answer","https://oryantechsol.com/pins/react-native-vs-flutter-vs-native-tip.jpg","App, Web & AI Development Tips","","One team, two platforms: cross-platform frameworks usually cut cost and time to launch. See when native is still worth it in the full guide. #mobileapp #crossplatform #startuptips","https://oryantechsol.com/blog/react-native-vs-flutter-vs-native?utm_source=pinterest&utm_medium=social&utm_campaign=variant-tip","2026-10-18T14:00:00","react native vs flutter,native app development,cross platform apps,mobile app tips,app development guide"
"Hiring a Software Developer? Read This First","https://oryantechsol.com/pins/how-to-choose-a-software-development-company-tip.jpg","App, Web & AI Development Tips","","The key rule when hiring a development company: judge the process and ownership terms, not just the price. Get the full 10-point checklist. #softwarecompany #startuptips #outsourcing","https://oryantechsol.com/blog/how-to-choose-a-software-development-company?utm_source=pinterest&utm_medium=social&utm_campaign=variant-tip","2026-10-19T14:00:00","software development company,hire developers,vendor selection,outsourcing tips,startup advice"
"AI Agent vs Chatbot: The Simple Difference","https://oryantechsol.com/pins/ai-agents-for-business-explained-tip.jpg","App, Web & AI Development Tips","","A chatbot answers questions; an AI agent takes actions across your tools. See where agents actually help your business in the full guide. #aiagents #chatbot #automation","https://oryantechsol.com/blog/ai-agents-for-business-explained?utm_source=pinterest&utm_medium=social&utm_campaign=variant-tip","2026-10-20T14:00:00","ai agents,ai agent vs chatbot,ai for small business,business automation,artificial intelligence"
"What Really Decides Your Mobile App Cost","https://oryantechsol.com/pins/how-much-does-a-mobile-app-cost-tip.jpg","App, Web & AI Development Tips","","App cost depends on scope, not just the number of screens. Learn the five cost drivers before you ask for quotes. #appcost #appbudget #startupadvice","https://oryantechsol.com/blog/how-much-does-a-mobile-app-cost?utm_source=pinterest&utm_medium=social&utm_campaign=variant-tip","2026-10-21T14:00:00","mobile app cost,app development cost,app budget,how much does an app cost,startup app"
"Should Your Business Use an AI Chatbot or Live Chat?","https://oryantechsol.com/pins/ai-chatbot-vs-live-chat-for-small-business-tip.jpg","App, Web & AI Development Tips","","The right choice depends on your volume, hours and the type of questions customers ask. See the full comparison and when to combine both. #aichatbot #livechat #smallbusiness","https://oryantechsol.com/blog/ai-chatbot-vs-live-chat-for-small-business?utm_source=pinterest&utm_medium=social&utm_campaign=variant-tip","2026-10-22T14:00:00","ai chatbot vs live chat,website chat,customer support,small business tools,chatbot for business"
"Build or Buy Software? One Rule That Helps","https://oryantechsol.com/pins/custom-software-vs-off-the-shelf-tip.jpg","App, Web & AI Development Tips","","If a ready-made tool fits most of your workflow, buy; if your process is your advantage, build. Get the full decision framework. #customsoftware #businessdecisions #software","https://oryantechsol.com/blog/custom-software-vs-off-the-shelf?utm_source=pinterest&utm_medium=social&utm_campaign=variant-tip","2026-10-23T14:00:00","custom software,off the shelf software,build vs buy,software decision,business software"
"Connect Your Business Tools With an API: Where to Start","https://oryantechsol.com/pins/what-is-api-integration-tip.jpg","App, Web & AI Development Tips","","Start with the one connection that removes the most manual work, then expand. See how API integration works for a business in the full guide. #apiintegration #workflowautomation #techtips","https://oryantechsol.com/blog/what-is-api-integration?utm_source=pinterest&utm_medium=social&utm_campaign=variant-tip","2026-10-24T14:00:00","api integration,what is an api,connect business apps,crm integration,system integration"
"What Should You Automate First in Your Business?","https://oryantechsol.com/pins/business-process-automation-where-to-start-tip.jpg","App, Web & AI Development Tips","","Begin with a repetitive, rule-based task that happens often and has clear inputs. See how to choose and measure your first automation. #businessautomation #smallbusinesstips #savetime","https://oryantechsol.com/blog/business-process-automation-where-to-start?utm_source=pinterest&utm_medium=social&utm_campaign=variant-tip","2026-10-25T14:00:00","business process automation,what to automate first,workflow automation,small business productivity,automation tips"
